Reference;Value;Qty;Format
C1, C2, C5, C6;100n;4;0402 1.0mm x 0.5mm
C3;22n;1;0402 1.0mm x 0.5mm
C4;56p;1;0402 1.0mm x 0.5mm
C7, C8;10u;2;1206 3.2mm x 1.6mm
D1, D2, D3, D4, D5, D6;1N4148WT;6;SOD-323
R1, R2;R2;2;0402 1.0mm x 0.5mm
R3;1000k;1;0402 1.0mm x 0.5mm
R4, R5;R5;2;0402 1.0mm x 0.5mm
R6;27k;1;0402 1.0mm x 0.5mm
R7;3.3k;1;0402 1.0mm x 0.5mm
R8;4700k;1;0402 1.0mm x 0.5mm
R9;750k;1;0402 1.0mm x 0.5mm
U1;TLC274;1;2.54mm 2 x 7 pins (1 is optional)
Connector;6 x 2.54 mm;1;2.54mm 1 x 6 pins (optional)
U1 support;2 x 7 pins ;2;2.54mm 2 x 7 pins
